symbol,fix,window,IS_pips,OOS_pips,IS_t,OOS_t,cost_pips,PASS
EURUSD,Tokyo,4h before,1.55,3.05,3.34,2.62,1.5,-
EURUSD,Tokyo,2h before,0.64,1.66,1.67,1.87,1.5,-
EURUSD,Tokyo,2h after,0.04,0.07,0.1,0.1,1.5,-
EURUSD,Tokyo,4h after,-0.5,0.36,-1.12,0.41,1.5,-
EURUSD,ECB,4h before,-0.07,-1.46,-0.08,-1.14,1.5,-
EURUSD,ECB,2h before,-0.03,-1.98,-0.06,-2.16,1.5,-
EURUSD,ECB,2h after,-0.79,4.24,-0.69,2.83,1.5,-
EURUSD,ECB,4h after,-1.43,3.18,-1.04,1.62,1.5,-
EURUSD,London,4h before,-2.09,3.97,-1.57,2.1,1.5,-
EURUSD,London,2h before,-1.13,3.18,-1.23,2.24,1.5,-
EURUSD,London,2h after,0.67,-2.14,1.1,-2.08,1.5,-
EURUSD,London,4h after,1.49,-2.34,1.8,-1.78,1.5,-
GBPUSD,Tokyo,4h before,0.59,1.92,1.14,1.86,1.8,-
GBPUSD,Tokyo,2h before,0.66,1.43,1.51,1.79,1.8,-
GBPUSD,Tokyo,2h after,0.26,-0.11,0.55,-0.16,1.8,-
GBPUSD,Tokyo,4h after,-0.02,0.09,-0.03,0.1,1.8,-
GBPUSD,ECB,4h before,0.84,-0.22,0.73,-0.14,1.8,-
GBPUSD,ECB,2h before,0.7,-1.59,0.9,-1.3,1.8,-
GBPUSD,ECB,2h after,-0.81,2.84,-0.57,1.8,1.8,-
GBPUSD,ECB,4h after,-0.51,3.13,-0.3,1.47,1.8,-
GBPUSD,London,4h before,-0.52,4.02,-0.31,1.91,1.8,-
GBPUSD,London,2h before,-0.26,1.87,-0.22,1.19,1.8,-
GBPUSD,London,2h after,1.79,-0.56,2.17,-0.51,1.8,-
GBPUSD,London,4h after,2.44,0.04,2.27,0.03,1.8,-
