london_hour,mean_pips,t,up_%,days,cum_pips
0,0.62,1.06,55.21,259,0.62
1,1.04,1.53,54.44,259,1.66
2,-0.7,-1.32,46.54,260,0.96
3,0.22,0.53,46.54,260,1.18
4,0.43,1.03,55.0,260,1.61
5,0.21,0.49,51.54,260,1.83
6,0.36,0.72,51.54,260,2.19
7,0.25,0.32,51.92,260,2.44
8,1.01,0.96,55.98,259,3.45
9,0.43,0.63,47.1,259,3.88
10,0.02,0.03,45.56,259,3.9
11,-0.95,-1.33,42.86,259,2.95
12,-1.31,-1.98,41.7,259,1.64
13,2.09,1.72,52.51,259,3.74
14,1.4,1.56,56.37,259,5.13
15,1.79,1.62,47.88,259,6.92
16,-1.42,-1.83,44.79,259,5.5
17,-0.72,-1.08,46.72,259,4.78
18,-0.89,-1.37,45.17,259,3.88
19,0.69,1.28,55.98,259,4.58
20,-0.39,-0.8,46.33,259,4.18
21,-0.34,-0.79,44.31,255,3.85
22,0.07,0.19,55.98,209,3.91
23,1.98,3.55,64.86,259,5.9
