symbol,side,lots,entry_time,entry,sl,tp,risk_money,commission,note,entry_row,exit_time,exit,pnl,r,reason
GBPUSD,buy,0.01,2025-01-07 09:45:00,1.25654,1.2530487467870102,1.2670137596389695,3.5612532129898193,0.07,sweep=1.25314 fvg_near=1.25608 fvg_far=1.25475,335,2025-01-07 12:30:00,1.2530287467870103,-3.5812532129897288,-1.005616000549177,sl
EURUSD,buy,0.01,2025-01-06 09:00:00,1.03505,1.0306891522533568,1.0481325432399298,4.4308477466432485,0.07,sweep=1.03076 fvg_near=1.03331 fvg_far=1.03284,236,2025-01-08 11:15:00,1.0306691522533569,-4.4508477466431575,-1.0045138089014818,sl
EURUSD,buy,0.02,2025-01-10 09:15:00,1.03044,1.0280564172170612,1.0375907483488165,4.90716556587764,0.14,sweep=1.02811 fvg_near=1.03013 fvg_far=1.02982,621,2025-01-10 13:30:00,1.0280364172170613,-4.947165565877458,-1.0081513451019386,sl
EURUSD,sell,0.04,2025-01-15 12:30:00,1.03028,1.0312812516571541,1.027276245028538,4.285006628616137,0.28,sweep=1.03122 fvg_near=1.03035 fvg_far=1.03051,922,2025-01-15 13:30:00,1.031301251657154,-4.365006628615773,-1.0186697494154104,sl
GBPUSD,buy,0.01,2025-01-13 14:00:00,1.2142199999999999,1.2097578404003788,1.227606478798863,4.532159599621041,0.07,sweep=1.20992 fvg_near=1.21381 fvg_far=1.21243,736,2025-01-15 13:30:00,1.227606478798863,13.316478798863121,2.9382192983619966,tp
GBPUSD,buy,0.02,2025-01-21 13:15:00,1.22508,1.2227638652084036,1.2320284043747889,4.772269583192627,0.14,sweep=1.22288 fvg_near=1.22459 fvg_far=1.22421,1309,2025-01-21 16:30:00,1.2320284043747889,13.756808749577882,2.8826554136899025,tp
GBPUSD,buy,0.03,2025-01-28 07:15:00,1.24461,1.2433314907754982,1.2484455276735054,4.045527673505368,0.21,sweep=1.24341 fvg_near=1.24439 fvg_far=1.24390,1765,2025-01-28 07:30:00,1.2433114907754983,-4.105527673505095,-1.0148311925766011,sl
GBPUSD,sell,0.01,2025-01-28 12:45:00,1.24296,1.2456282931606912,1.2349551205179266,2.7382931606911707,0.07,sweep=1.24554 fvg_near=1.24324 fvg_far=1.24339,1787,2025-01-29 06:00:00,1.2456482931606911,-2.7582931606910797,-1.0073038198710837,sl
GBPUSD,sell,0.02,2025-01-29 14:45:00,1.2405300000000001,1.242898595905613,1.2334242122831618,4.87719181122556,0.14,sweep=1.24280 fvg_near=1.24046 fvg_far=1.24102,1891,2025-01-29 15:30:00,1.2429185959056128,-4.917191811225378,-1.0082014408184137,sl
GBPUSD,buy,0.01,2025-02-03 08:15:00,1.22908,1.2247437698023378,1.2420886905929864,4.406230197662161,0.07,sweep=1.22488 fvg_near=1.22834 fvg_far=1.22787,2153,2025-02-03 15:30:00,1.2420886905929864,12.938690592986482,2.936453615122387,tp
GBPUSD,buy,0.01,2025-02-04 14:45:00,1.24437,1.2394345790391645,1.2591762628825063,5.005420960835435,0.07,sweep=1.23954 fvg_near=1.24352 fvg_far=1.24293,2275,2025-02-06 12:00:00,1.2394145790391646,-5.025420960835344,-1.003995667928112,sl
GBPUSD,buy,0.02,2025-02-20 14:30:00,1.2619799999999999,1.25960618499566,1.2691014450130198,4.887630008679948,0.14,sweep=1.25969 fvg_near=1.26125 fvg_far=1.26103,3426,2025-02-26 15:45:00,1.2691014450130198,14.102890026039844,2.885425042606438,tp
GBPUSD,buy,0.02,2025-02-28 14:15:00,1.2605,1.2582539106410753,1.267238268076774,4.6321787178493485,0.14,sweep=1.25833 fvg_near=1.25997 fvg_far=1.25985,4001,2025-02-28 15:45:00,1.2582339106410754,-4.6721787178491665,-1.0086352454074548,sl
GBPUSD,sell,0.02,2025-03-06 09:00:00,1.2894400000000001,1.2918674577136067,1.2821576268591806,4.994915427213058,0.14,sweep=1.29175 fvg_near=1.29023 fvg_far=1.29066,4364,2025-03-06 15:00:00,1.2918874577136066,-5.0349154272128755,-1.008008143597766,sl
EURUSD,sell,0.01,2025-03-13 12:45:00,1.08386,1.0886426101225681,1.0695121696322958,4.8526101225680875,0.07,sweep=1.08852 fvg_near=1.08577 fvg_far=1.08640,4863,2025-03-14 10:30:00,1.088662610122568,-4.8726101225679965,-1.0041214932777918,sl
GBPUSD,sell,0.01,2025-03-13 13:15:00,1.2921200000000002,1.2966967732636803,1.2783896802089598,4.646773263680112,0.07,sweep=1.29658 fvg_near=1.29367 fvg_far=1.29403,4865,2025-03-17 10:15:00,1.2967167732636802,-4.666773263680021,-1.0043040619511676,sl
EURUSD,buy,0.02,2025-03-19 12:45:00,1.09142,1.0890312392461163,1.0985862822616512,4.917521507767446,0.14,sweep=1.08912 fvg_near=1.09065 fvg_far=1.09016,5247,2025-03-19 14:45:00,1.0890112392461164,-4.957521507767264,-1.0081341789632514,sl
EURUSD,buy,0.02,2025-03-25 09:45:00,1.08002,1.0777438532499244,1.0868484402502268,4.692293500151183,0.14,sweep=1.07781 fvg_near=1.07941 fvg_far=1.07922,5619,2025-03-26 13:15:00,1.0777238532499245,-4.732293500151001,-1.0085246159470904,sl
GBPUSD,sell,0.01,2025-03-20 08:30:00,1.2968600000000001,1.3013490447273286,1.2833928658180147,4.559044727328473,0.07,sweep=1.30128 fvg_near=1.29723 fvg_far=1.29764,5326,2025-04-02 20:15:00,1.3013690447273285,-4.579044727328382,-1.00438688391891,sl
GBPUSD,buy,0.01,2025-04-16 08:00:00,1.3284399999999998,1.3255727372809187,1.3370417881572432,2.9372627190811094,0.07,sweep=1.32568 fvg_near=1.32765 fvg_far=1.32744,7144,2025-04-16 12:30:00,1.3255527372809188,-2.9572627190810183,-1.006809060650239,sl
GBPUSD,sell,0.01,2025-04-22 08:30:00,1.33783,1.3424590219166839,1.3239429342499487,4.699021916683796,0.07,sweep=1.34235 fvg_near=1.33782 fvg_far=1.33884,7530,2025-04-22 22:30:00,1.3239429342499487,13.817065750051386,2.9404131317187803,tp
GBPUSD,sell,0.01,2025-04-23 14:30:00,1.32819,1.3320655479871235,1.3165633560386294,3.9455479871235286,0.07,sweep=1.33193 fvg_near=1.32940 fvg_far=1.33018,7650,2025-04-24 10:30:00,1.3320855479871234,-3.9655479871234376,-1.005069004372822,sl
EURUSD,buy,0.01,2025-04-29 14:00:00,1.13982,1.1368821184089994,1.148633644773002,3.0078815910006127,0.07,sweep=1.13700 fvg_near=1.13956 fvg_far=1.13884,8032,2025-04-30 01:45:00,1.1368621184089995,-3.0278815910005217,-1.0066491979138235,sl
GBPUSD,buy,0.01,2025-05-07 14:00:00,1.33646,1.332158416525906,1.349364750422282,4.37158347409404,0.07,sweep=1.33225 fvg_near=1.33587 fvg_far=1.33570,8608,2025-05-07 18:30:00,1.332138416525906,-4.391583474093949,-1.0045750012823567,sl
EURUSD,buy,0.01,2025-05-08 12:45:00,1.13083,1.1273807140246899,1.1411778579259304,3.5192859753101344,0.07,sweep=1.12750 fvg_near=1.13034 fvg_far=1.12967,8699,2025-05-08 15:15:00,1.12736071402469,-3.539285975310044,-1.0056829709606498,sl
GBPUSD,buy,0.01,2025-05-09 09:30:00,1.3270899999999999,1.3222185679838234,1.3417042960485293,4.941432016176458,0.07,sweep=1.32231 fvg_near=1.32637 fvg_far=1.32603,8782,2025-05-12 07:15:00,1.3221985679838235,-4.961432016176367,-1.0040474097254473,sl
GBPUSD,sell,0.01,2025-05-22 10:00:00,1.3402200000000002,1.344113381639409,1.3285398550817735,3.963381639408888,0.07,sweep=1.34401 fvg_near=1.34036 fvg_far=1.34129,9648,2025-05-23 01:30:00,1.344133381639409,-3.983381639408797,-1.0050461958548336,sl
GBPUSD,sell,0.02,2025-06-30 13:15:00,1.3690600000000002,1.371234451186145,1.3625366464415658,4.488902372289576,0.14,sweep=1.37115 fvg_near=1.36911 fvg_far=1.36950,12253,2025-06-30 14:45:00,1.3712544511861449,-4.5289023722893935,-1.0089108643232567,sl
GBPUSD,sell,0.02,2025-07-04 10:00:00,1.3656700000000002,1.3678683905326299,1.359074828402111,4.536781065259425,0.14,sweep=1.36780 fvg_near=1.36548 fvg_far=1.36585,12624,2025-07-07 08:15:00,1.359074828402111,13.050343195778275,2.876564464552142,tp
EURUSD,buy,0.02,2025-07-07 14:15:00,1.17364,1.1717238738136737,1.179388378558979,3.9722523726526116,0.14,sweep=1.17179 fvg_near=1.17359 fvg_far=1.17281,12737,2025-07-07 16:15:00,1.1717038738136738,-4.012252372652429,-1.0100698536364914,sl
EURUSD,buy,0.02,2025-07-23 14:45:00,1.1734099999999998,1.1710097627461524,1.180610711761542,4.940474507694829,0.14,sweep=1.17109 fvg_near=1.17256 fvg_far=1.17230,13891,2025-07-25 13:00:00,1.1709897627461525,-4.980474507694647,-1.0080963882998522,sl
GBPUSD,sell,0.03,2025-08-04 08:15:00,1.3276100000000002,1.329218964389458,1.3227831068316265,5.036893168373703,0.21,sweep=1.32912 fvg_near=1.32782 fvg_far=1.32829,14633,2025-08-04 09:00:00,1.329238964389458,-5.0968931683734295,-1.0119121049412885,sl
GBPUSD,sell,0.02,2025-08-08 09:00:00,1.34345,1.3451274627910854,1.3384176116267439,3.494925582170765,0.14,sweep=1.34506 fvg_near=1.34395 fvg_far=1.34410,15020,2025-08-08 09:45:00,1.3451474627910853,-3.534925582170583,-1.011445165014064,sl
GBPUSD,sell,0.01,2025-08-08 13:00:00,1.34224,1.3453824125068137,1.3328127624795594,3.212412506813574,0.07,sweep=1.34529 fvg_near=1.34323 fvg_far=1.34366,15036,2025-08-08 15:15:00,1.3454024125068136,-3.232412506813483,-1.0062258504963135,sl
GBPUSD,sell,0.02,2025-08-14 08:45:00,1.3574700000000002,1.359193368522802,1.352299894431595,3.5867370456034986,0.14,sweep=1.35911 fvg_near=1.35767 fvg_far=1.35795,15403,2025-08-14 09:30:00,1.3592133685228018,-3.6267370456033166,-1.011152197524167,sl
GBPUSD,buy,0.03,2025-08-15 08:00:00,1.35558,1.3543178694542306,1.3593663916373082,3.9963916373082062,0.21,sweep=1.35437 fvg_near=1.35513 fvg_far=1.35507,15496,2025-08-18 06:15:00,1.3542978694542307,-4.056391637307933,-1.015013543577561,sl
GBPUSD,buy,0.01,2025-08-19 07:30:00,1.35209,1.3495401656238983,1.359739503128305,2.6198343761016782,0.07,sweep=1.34960 fvg_near=1.35137 fvg_far=1.35091,15686,2025-08-19 14:45:00,1.3495201656238984,-2.639834376101587,-1.007634070375727,sl
EURUSD,sell,0.01,2025-08-29 12:45:00,1.16548,1.1690777901241085,1.1546866296276748,3.6677901241084356,0.07,sweep=1.16901 fvg_near=1.16599 fvg_far=1.16610,16475,2025-08-29 14:30:00,1.1690977901241084,-3.6877901241083446,-1.0054528747074292,sl
EURUSD,sell,0.03,2025-09-04 12:30:00,1.16446,1.1660326874696654,1.159741937591004,4.928062408995971,0.21,sweep=1.16596 fvg_near=1.16462 fvg_far=1.16518,16858,2025-09-05 00:45:00,1.1660526874696653,-4.988062408995698,-1.012175170486924,sl
GBPUSD,buy,0.02,2025-09-12 08:00:00,1.35646,1.3543867335493796,1.3626797993518613,4.2865329012408955,0.14,sweep=1.35445 fvg_near=1.35672 fvg_far=1.35582,17416,2025-09-12 08:15:00,1.3543667335493796,-4.326532901240713,-1.0093315509110494,sl
GBPUSD,buy,0.02,2025-09-16 12:30:00,1.3639899999999998,1.3623231119182417,1.368990664245274,3.473776163516156,0.14,sweep=1.36240 fvg_near=1.36383 fvg_far=1.36353,17626,2025-09-17 18:00:00,1.368990664245274,9.861328490548466,2.838792146171799,tp
EURUSD,buy,0.01,2025-09-16 14:00:00,1.18244,1.1789241297823718,1.1929876106528843,3.585870217628114,0.07,sweep=1.17902 fvg_near=1.18178 fvg_far=1.18113,17632,2025-09-18 05:45:00,1.178904129782372,-3.605870217628023,-1.0055774466966454,sl
EURUSD,sell,0.02,2025-09-19 08:45:00,1.17548,1.1778971183036362,1.1682286450890917,4.974236607272224,0.14,sweep=1.17781 fvg_near=1.17595 fvg_far=1.17656,17899,2025-09-22 10:00:00,1.177917118303636,-5.014236607272042,-1.0080414349291988,sl
GBPUSD,buy,0.02,2025-09-22 14:00:00,1.35076,1.3488935883785884,1.3563592348642346,3.8728232428230913,0.14,sweep=1.34898 fvg_near=1.35041 fvg_far=1.34971,18016,2025-09-23 08:30:00,1.3488735883785885,-3.9128232428229093,-1.0103283825498475,sl
GBPUSD,sell,0.02,2025-09-23 09:45:00,1.35056,1.3528827711964946,1.3435916864105162,4.785542392989199,0.14,sweep=1.35279 fvg_near=1.35089 fvg_far=1.35157,18095,2025-09-23 12:45:00,1.3529027711964945,-4.825542392989017,-1.0083585091751393,sl
EURUSD,buy,0.03,2025-09-23 13:45:00,1.1797499999999999,1.1783494576476619,1.1839516270570138,4.41162705701399,0.21,sweep=1.17842 fvg_near=1.17953 fvg_far=1.17934,18111,2025-09-24 08:00:00,1.178329457647662,-4.471627057013717,-1.0136004243387557,sl
